Workbook

Sheet README
A1: Lab 3 — AR Aging by Hand in Excel
A3: What is in this workbook
A5: invoices | B5: Eight invoices for five customers. The data you will work against.
A6: payments | B6: Four payments. Most invoices are paid; some are not; one invoice has two payments.
A7: aging | B7: The exercise. Cutoff date lives in cell A1. EVERY formula on this sheet references $A$1. Change A1 and the entire report re-computes.
A8: aging_explained | B8: The same calculations, with one formula per row spelled out in plain English alongside. Read this if a formula on the aging sheet is mysterious.
A10: This workbook is the Excel counterpart to interactive/aging_builder.html in the lab. Build the aging report here once you have done the SQL version — same data, same answer, feel the difference in the workflow.

Sheet invoices
A1: invoice_id | B1: customer_id | C1: customer_name | D1: invoice_date | E1: due_date | F1: amount | G1: status
A2: INV-001 | B2: C-101 | C2: Park City Mountain Lodge | D2: 2026-01-08 | E2: 2026-02-07 | F2: 6200 | G2: Paid
A3: INV-002 | B3: C-102 | C3: Wasatch Mountain Goods | D3: 2026-01-22 | E3: 2026-02-21 | F3: 4150 | G3: Paid
A4: INV-003 | B4: C-103 | C4: Granite School District | D4: 2026-02-04 | E4: 2026-03-06 | F4: 8400 | G4: Open
A5: INV-004 | B5: C-101 | C5: Park City Mountain Lodge | D5: 2026-02-15 | E5: 2026-03-17 | F5: 11000 | G5: Paid
A6: INV-005 | B6: C-104 | C6: Snowbird Resort Ops | D6: 2026-02-22 | E6: 2026-03-24 | F6: 12500 | G6: Partial
A7: INV-006 | B7: C-103 | C7: Granite School District | D7: 2026-03-08 | E7: 2026-04-07 | F7: 7800 | G7: Open
A8: INV-007 | B8: C-105 | C8: Logan River Outfitters | D8: 2026-03-25 | E8: 2026-04-24 | F8: 2400 | G8: Void
A9: INV-008 | B9: C-104 | C9: Snowbird Resort Ops | D9: 2026-04-02 | E9: 2026-05-02 | F9: 14600 | G9: Open

Sheet payments
A1: payment_id | B1: invoice_id | C1: payment_date | D1: amount
A2: PAY-1 | B2: INV-001 | C2: 2026-02-01 | D2: 6200
A3: PAY-2 | B3: INV-002 | C3: 2026-02-20 | D3: 4150
A4: PAY-3 | B4: INV-004 | C4: 2026-03-18 | D4: 11000
A5: PAY-4 | B5: INV-005 | C5: 2026-03-22 | D5: 6000

Sheet aging
A1: 2026-04-30 | B1: <- CUTOFF DATE — change this and the entire sheet recomputes.
A3: invoice_id | B3: customer_id | C3: customer_name | D3: due_date | E3: invoice_amount | F3: paid_as_of_cutoff | G3: balance | H3: days_past_due | I3: aging_bucket
A4: =invoices!A2 | B4: =invoices!B2 | C4: =invoices!C2 | D4: =invoices!E2 | E4: =invoices!F2 | F4: =SUMIFS(tbl_payments[amount], tbl_payments[invoice_id], A4, tbl_payments[payment_date], "<="&$A$1) | G4: =E4-F4 | H4: =$A$1-D4 | I4: =IFS(H4<=0,"Current",H4<=30,"1-30",H4<=60,"31-60",H4<=90,"61-90",TRUE,"Over 90")
A5: =invoices!A3 | B5: =invoices!B3 | C5: =invoices!C3 | D5: =invoices!E3 | E5: =invoices!F3 | F5: =SUMIFS(tbl_payments[amount], tbl_payments[invoice_id], A5, tbl_payments[payment_date], "<="&$A$1) | G5: =E5-F5 | H5: =$A$1-D5 | I5: =IFS(H5<=0,"Current",H5<=30,"1-30",H5<=60,"31-60",H5<=90,"61-90",TRUE,"Over 90")
A6: =invoices!A4 | B6: =invoices!B4 | C6: =invoices!C4 | D6: =invoices!E4 | E6: =invoices!F4 | F6: =SUMIFS(tbl_payments[amount], tbl_payments[invoice_id], A6, tbl_payments[payment_date], "<="&$A$1) | G6: =E6-F6 | H6: =$A$1-D6 | I6: =IFS(H6<=0,"Current",H6<=30,"1-30",H6<=60,"31-60",H6<=90,"61-90",TRUE,"Over 90")
A7: =invoices!A5 | B7: =invoices!B5 | C7: =invoices!C5 | D7: =invoices!E5 | E7: =invoices!F5 | F7: =SUMIFS(tbl_payments[amount], tbl_payments[invoice_id], A7, tbl_payments[payment_date], "<="&$A$1) | G7: =E7-F7 | H7: =$A$1-D7 | I7: =IFS(H7<=0,"Current",H7<=30,"1-30",H7<=60,"31-60",H7<=90,"61-90",TRUE,"Over 90")
A8: =invoices!A6 | B8: =invoices!B6 | C8: =invoices!C6 | D8: =invoices!E6 | E8: =invoices!F6 | F8: =SUMIFS(tbl_payments[amount], tbl_payments[invoice_id], A8, tbl_payments[payment_date], "<="&$A$1) | G8: =E8-F8 | H8: =$A$1-D8 | I8: =IFS(H8<=0,"Current",H8<=30,"1-30",H8<=60,"31-60",H8<=90,"61-90",TRUE,"Over 90")
A9: =invoices!A7 | B9: =invoices!B7 | C9: =invoices!C7 | D9: =invoices!E7 | E9: =invoices!F7 | F9: =SUMIFS(tbl_payments[amount], tbl_payments[invoice_id], A9, tbl_payments[payment_date], "<="&$A$1) | G9: =E9-F9 | H9: =$A$1-D9 | I9: =IFS(H9<=0,"Current",H9<=30,"1-30",H9<=60,"31-60",H9<=90,"61-90",TRUE,"Over 90")
A10: =invoices!A8 | B10: =invoices!B8 | C10: =invoices!C8 | D10: =invoices!E8 | E10: =invoices!F8 | F10: =SUMIFS(tbl_payments[amount], tbl_payments[invoice_id], A10, tbl_payments[payment_date], "<="&$A$1) | G10: =E10-F10 | H10: =$A$1-D10 | I10: =IFS(H10<=0,"Current",H10<=30,"1-30",H10<=60,"31-60",H10<=90,"61-90",TRUE,"Over 90")
A11: =invoices!A9 | B11: =invoices!B9 | C11: =invoices!C9 | D11: =invoices!E9 | E11: =invoices!F9 | F11: =SUMIFS(tbl_payments[amount], tbl_payments[invoice_id], A11, tbl_payments[payment_date], "<="&$A$1) | G11: =E11-F11 | H11: =$A$1-D11 | I11: =IFS(H11<=0,"Current",H11<=30,"1-30",H11<=60,"31-60",H11<=90,"61-90",TRUE,"Over 90")
A13: AR aging summary
A14: Current | B14: =COUNTIFS($I$4:$I$11,"Current",$G$4:$G$11,">0") | C14: =SUMIFS($G$4:$G$11,$I$4:$I$11,"Current",$G$4:$G$11,">0")
A15: 1-30 | B15: =COUNTIFS($I$4:$I$11,"1-30",$G$4:$G$11,">0") | C15: =SUMIFS($G$4:$G$11,$I$4:$I$11,"1-30",$G$4:$G$11,">0")
A16: 31-60 | B16: =COUNTIFS($I$4:$I$11,"31-60",$G$4:$G$11,">0") | C16: =SUMIFS($G$4:$G$11,$I$4:$I$11,"31-60",$G$4:$G$11,">0")
A17: 61-90 | B17: =COUNTIFS($I$4:$I$11,"61-90",$G$4:$G$11,">0") | C17: =SUMIFS($G$4:$G$11,$I$4:$I$11,"61-90",$G$4:$G$11,">0")
A18: Over 90 | B18: =COUNTIFS($I$4:$I$11,"Over 90",$G$4:$G$11,">0") | C18: =SUMIFS($G$4:$G$11,$I$4:$I$11,"Over 90",$G$4:$G$11,">0")
A19: Total open AR | C19: =SUMIFS($G$4:$G$11,$G$4:$G$11,">0")
A21: HINTS: try changing A1 to 2026-03-31 — watch the report move. The Excel formulas above are equivalent to the SQL in aging_builder.html.

Sheet aging_explained
A1: Plain-English walkthrough of the aging-sheet formulas
A3: Formula label | B3: Excel formula | C3: In plain English
A4: paid_as_of_cutoff | B4: =SUMIFS(tbl_payments[amount], tbl_payments[invoice_id], A{row}, tbl_payments[payment_date], "<="&$A$1) | C4: For this invoice, add up all payments where payment_date is on or before the cutoff in A1. The SUMIFS function takes (sum range, criteria range 1, criteria 1, criteria range 2, criteria 2).
A5: balance | B5: =E{row}-F{row} | C5: Invoice amount minus what has been paid as of the cutoff.
A6: days_past_due | B6: =$A$1-D{row} | C6: Cutoff date minus due date. Negative means not yet due. Excel returns whole days.
A7: aging_bucket | B7: =IFS(H{row}<=0,"Current",H{row}<=30,"1-30",H{row}<=60,"31-60",H{row}<=90,"61-90",TRUE,"Over 90") | C7: Walk the conditions top to bottom; the first that is true wins. Same logic as SQL's CASE WHEN.
A8: Count by bucket (summary panel) | B8: =COUNTIFS(aging_bucket_range,"<bucket>",balance_range,">0") | C8: Count invoices in this bucket that also have a balance > 0. Drops fully-paid invoices.
A9: Dollars by bucket (summary panel) | B9: =SUMIFS(balance_range,aging_bucket_range,"<bucket>",balance_range,">0") | C9: Sum the balance of invoices in this bucket with balance > 0.
A10: Cutoff cell | B10: $A$1 | C10: Every formula above references $A$1 — that is the lock symbol that says 'always look at A1, even when the formula is dragged.' Change A1, the whole sheet recomputes.
